text,label,notes
"$125 for most, $12.50 for krakens. Anyone still spending legitimately in this game is a sucker.",monetization_critique,SARCASM
5 of them have already received the new stats. Possible future reworks? Might be a good idea to farm them in the background if you haven't yet.,roster_strategy,
"6.5M boss! I got G20 on Oath and Blade from Age of X, otherwise either G19 or G18.",roster_strategy,
"9 is the one I keep getting dicked on sadly, my Immortal isn't that big and just gets smoked.",reaction,
A way to punish cheaters is to ban them. Don't suspend them. Giving out a free Annihilus does nothing to punish them. The only thing I want is for Scopely to hit these cretins with the permaban hammer.,monetization_critique,
"AA, Quasar, Blast.",roster_strategy,
Add Rachel. No Beast. GL.,roster_strategy,
"After completing DD9 here are the teams I used. City Insidious Six was easily the best, Vulture, Scorpion, Superior Spider-Man, Hobgoblin, Hit Monkey, I'd bring Shocker over Hit Monkey if resources allow. Cosmic planned around Shadow Conclave but wasn't impressed, Knull changed the section, Knull, Thanos, Sylvie, Malekith, High Evo, Thanos is worth the investment for how much he enables the team. Global Daimon, Darkstar, Red Guardian, Sentry, Jeff. Legendary Phoenix, Omega Red PF, Magneto PF, OML. Epic Mythic Odin, Professor X, Mephisto, Blue Marvel, Kestrel 5th.",roster_strategy,
"Agreed. I don't get how people are still figuring this out. Scopely's playbook is copied from Tobacco, get people addicted, make money, end of story.",monetization_critique,
"Ah, that's probably the issue. Mine is g20 but only 4 stars.",roster_strategy,
All three towers have been f2p friendly. They're hard and you need to play perfectly. I'm f2p and have cleared all three towers.,monetization_critique,
"Alternate team for Node 8 without Phoenix Force, PX, Apocalypse, OML, Emma X, Nightcrawler.",roster_strategy,
And it is weird that they're OK with it because they lose money when that happens.,monetization_critique,
And what do you say to the ones who bought him legit? Sorry for your now massively devalued purchase? This is why many feel f2p only rage for a handout. I'm an 8-year ex light/mid spender who hasn't spent in a year.,monetization_critique,
"And? Why do they care? The cheaters are the ones who spend money, keep the lights on. Why would they care about people who don't spend and upset the ones who do?",monetization_critique,
"As of now, F4 MCU and Knull for sure. Thanos would be the best 5th but mystic gear is my bottleneck so I did TEG because there are few skill options.",roster_strategy,
At this point we all should have used VPNs.,reaction,
Because cheating affects competitive gameplay. The cheaters received a reward not fairly earned. That's the issue.,monetization_critique,
Because krakens are the only players Scopely cares about. The rest of us are expendable and irrelevant.,monetization_critique,
"Because no one really got punished, it was all for show by Scopely. Some blatant cheaters like Dacier have the balls to continue making videos like nothing happened. Cheaters don't care because they know they can get away with it now.",monetization_critique,
"Because they did not fix anything or care about competitive integrity, it's just something they say to keep the addicts that pay regular prices in the game.",monetization_critique,
Because you would be a sucker for spending a cent on this game.,reaction,
Been on for years. Will never give them one dime.,reaction,
But if they're spending at like 90% discounts are they really krakens anymore?,monetization_critique,
"By the time you clear it, you'll have them at 7R or 1-2D easily.",roster_strategy,
Can I ask why you wouldn't be building Shadow Conclave anyway? They're a solid team and fantastic in war. Plus they'll be needed for near-future events.,roster_strategy,
Cause they were selling UC at a 90% discount. There's no way to buy legit UC at that price. If they just used foreign currency it'd be 10-20% off at best.,monetization_critique,
"Challenges could use some updating, same with raids. There's no incentive anymore. But it did feel nice earning that 5-Diamond Knull yesterday.",monetization_critique,
Clocked this new DEAL in the store for Mighty Storm. If you ran the full tower twice you should have her at 2 Diamonds. This is what they're asking to get the 3rd.,monetization_critique,
"DD9 is pretty hard, or at least time-consuming. The city section takes time. Shocker may move it faster, but it'd be challenging to reach the right sections for every new team.",roster_strategy,
"Debating whether to level up Shadow Conclave to do the omega tower, the main thing holding me back is they're a war team and that mode's been the least important to level. The best-buddies missions seem to be in order of team releases, Deadpool/Retcon to Wolverine/Exalted to Cap to Spidey to Daken, so we should see Cap up next, landing his rework just before the 4th. As Out of Time he was war, as Rebirth he was raid. How likely is he to be raid again? A new raid team would feel like a higher priority than leveling Shadow Conclave or the Symbiotes.",roster_strategy,
"Difference between challenging and the only challenge is how much your wallet can fund, which is pretty much the omega tier. I wish there was a medium, instead of jumping from GT16 can handle this if you play right to GT20 minimum and specific teams. I understand I'm 20 levels behind cap, but if they want cap-only content they should have catch-up mechanics, other than open your wallet with their time vault scams.",monetization_critique,
"Different person, but I planned on skipping because they were called out in Surfer Breaker and War Tower. They aren't needed for Surfer if you build Daring Warriors, who are needed elsewhere. War Tower is just Jeff stuff, so if you don't care about war or Jeff, not worth burning a hole in your pocket to build new teams. There was a decent chance SC and Omen wouldn't be needed for future events since they're past their sale date. But this event changes things for me since an arena team is worth building.",roster_strategy,HARD CASE candidate: build advice with monetization tint; deletion test -> roster
Do you not remember Spider-Weaver? Did the community not get that toon for free? Big difference between a character obtainable for $20 and one that's the endgame goal for two-plus years. I agree alternatives would be nice but they've shown they don't give a fuck about the community.,monetization_critique,
"Don't take it so serious, it's just a game. Walk away if it's impacting you this much.",reaction,
"Every reward is. Challenges? The gold one doesn't even give 1.2 million on average between the orb and gold, the mats isn't enough for one level past 100, and the others are basically worthless. War season? We get about 12 million gold, and I dumped that much on Morph in ten seconds. Crucible? Even winning the tourney barely gives anything.",monetization_critique,
Everything is painfully outdated in this game.,reaction,
"Excellent guide and thanks for putting it in text! Working for my alt account. I'll need to watch the video for Cell 9-10, but just laying out the teams and letting us figure it out is awesome.",reaction,
"F3 are no longer arena meta and only get worse. They aren't great for DD because of long cooldowns and speed drop-off after first turn. Thanos is a good energy battery but only helps 2 of 3 and on enemy death which is rare in DD. Knull works better with villains. HE has a 4-energy 25% enemy-wide health steal, great for DD. I'd lock in Thanos, HE, Knull, then add 2, I'm doing Executioner for the free g21 skill gear.",roster_strategy,
"Final war level you can do with Knull, SS Breaker, Annihilators.",roster_strategy,
"Floors 1-4 you could try with whatever you have built and isn't being used in upper floors. So in theory, yes you can swap Thunderbolts for something else.",roster_strategy,
"Folks are struggling on the non-mythic cosmic nodes since many skipped Omen and SC. To give myself wiggle room I attempted node 5 without F4 to save them for node 6, hit it with Starjammers and Quasar minus Rocket and Groot. Sam got wiped but the rest handled it. For node 6 I ran F4 minus Thing plus Hyperion, Sue carries. Classic Emma was my fifth for node 8. Edit on Omega you can't use F4 for node 6, so use them and Quasar on node 5.",roster_strategy,
For node 9. Plus Rachel. Minus Beast. World of difference.,roster_strategy,
"Funny part is people jumping on this also jumped on Mighty Storm's 7th red star for $150 instead of just waiting 2 weeks. They don't care, they'll buy anything. Especially if they are only spending 1/50th what it actually costs.",monetization_critique,
"Given how few Annihilus were won, then subtract spenders who cheated, we're talking a very small number. Scopely already monetized the event. There's no other push for players to spend to get him.",monetization_critique,
"Giving everyone the latest DD toon isn't logical. But neither is not banning krakens who are only krakens because they've cheated for 6-plus months. Annihilus wouldn't fix the problem, other than costing the company thousands more because they're too pathetic to deal with cheaters.",monetization_critique,
"Government lie and fuck us 24/7 IRL and we don't do shit, what makes you think anything will happen in a virtual game?",reaction,
"Great Idea Commander! Make sure to check our new 2-step offer which contains your FREE Annihilus G21 Token! First step is 10,000 Ultra Cores for 1 green Iso orb. -Scopely",monetization_critique,SARCASM
"Great point. I didn't think about Visa, Apple, Google gift cards until you mentioned it. We've seen the scammer YT channels. I bet most cores on these sites are done that way. I think this is why Scopely's response is performative, if they were actually financially or legally hurt they'd take a harsher stance, but it's just a song and dance to not upset Marvel or investors.",monetization_critique,
Have you never played a turn-based RPG before? I have never played a turn-based RPG that doesn't have a roster check.,reaction,
"He's been removed from the dd9 leaderboard and was suspended twice, but still gets to keep his diamonds? He should be permabanned.",monetization_critique,
"Here are Fear Tower Omega Teams which worked for me without meta options like New Mutants and Full Omen. Node 1 Nightstalkers. Node 2 Vigilante plus Odin. Node 3 Insidious Six plus Vulture and Shocker. Node 4 Mephisto, Apoc, Cabal. Node 5 Franklin, Sue, Reed, Quasar, Lilandra. Node 6 SK, Thanos, Exec, Sylvie, High Evo. Node 7 Thanos EG, Knull, Gorr, Glad, Surfer Breaker. Node 8 Phoenix Force, Xavier. Node 9 Immortal X with Polaris and Beast. Node 10 Angel, Mighty Storm, Wolverine, Jubilee, Emma X.",roster_strategy,
"Here's the other thing to think about for resources. For me it isn't 1 team I need to build but 2, SC and Exalted. I barely have enough resources to cover 1 of those.",roster_strategy,
"Here's your 5 Hulk shards for 10,000 arena battles.",monetization_critique,SARCASM
"How big is your Gladiator/Gorr? Mine are level 100 3 diamond Gear 19, Thanos is 105/G20, Knull 110/G20 2-diamond, Surfer 110. Gorr and Gladiator get shredded as their stats are low. If I pushed Gladiator to 105 or 110 it should get it done but I'm hesitant to waste gold on a character with little value at this point.",roster_strategy,
"How don't you have enough resources? I know the economy is bad but I managed to build SC to 105/G19 100% f2p, and I have Exalted at 100/G19.",roster_strategy,
"How many times does this need to be said over the years. This company is not filled with good people. It's filled with the literal worst people, who prey on others for money. We know they don't care about anyone, just maximizing profit at anyone's expense.",monetization_critique,
"I agree, but clearly that is not happening sadly.",reaction,
"I built Omen instead of SC. I said I have enough to bring a team up so I brought Exalted to max tower so far, but that took my resources down to maybe 2 more toons. Week 2 I feel will require SC and Omen so I probably won't make it through, no resources for that.",roster_strategy,
I can't do node 7 with that setup and similar power.,reaction,
"I did Thunderbolts, Immortal Weapons, Champions, and Insidious Six with GG Classic replacing Shocker for the first 4 nodes and it worked fine.",roster_strategy,
"I don't know why people keep bringing up legal action over spending at higher rates. In my mind that's like going after gaming companies for piracy, should everyone who spent get money back because others pirated? I understand the anger, but these games are about profit, not fair gameplay.",reaction,
"I don't spend money or care about leaderboards. If you're this bothered with cheaters not being punished and still choose to play, you're just torturing yourself. All this whining accomplishes nothing, Scopely isn't gonna change.",reaction,
I ended up using Hellfire but subbed out Rachel for Jubilee since I needed her for later. Went fine.,roster_strategy,
I found it funny when people look for top 100 raid alliances. For what? You can be in a top 500 alliance and still get Omega 100% rewards.,monetization_critique,
"I had a lot of fun with this event, ended up with 3 yellow and 3 red so I'm happy. Only been playing 121 days so I'm missing older teams the guides use, but cleared all 10 easy, 6 hard, and 4 omega nodes. Lots of restarts but it was fun.",reaction,
"I have been using this site. I see a lot of people using old defenses and it doesn't always have a good answer. I'm wondering if people are using older war defenses to get around sites like yours. Luckily I've played long enough to remember most of these old counters, but older counter teams are also getting split due to revamps.",roster_strategy,
I only build what I need when I need it. War teams are not a NEED.,roster_strategy,
"I propose you realize these cheaters didn't affect you in any way, and either uninstall or get over it.",reaction,
"I really don't know what to do, my Shadow Conclave hasn't been built up and node 6 of hard mode feels impossible. I've been ill with cancer so I've been on and off. Any help appreciated.",reaction,
"I said I wasn't going to build anything for this event but after clearing 5 floors I decided to build Conclave for floor 6. Floor 6 SC plus Shadow King, Thanos 105 G19, Sylvie 95 G18, Executioner 105 G19, Evolutionary 105 G19, skipped Malekith for SK 105 G19. Floor 7 3 Annihilator, Knull, Surfer Breaker. Floor 8 Phoenix Force, PX, Omega Red. Floor 9 Immortal Xmen, Polaris leveled to 100 G18 to survive Daimon's first turn. Floor 10 New Mutants plus Storm instead of Sunspot.",roster_strategy,
"I share the opinion that anyone who exploited exchange rates to gain an upper hand should be permanently banned. It entices others to pay full price to keep up. However a mob screaming for free shit won't get results, it shuts down goodwill. Giving out Annihilus doesn't fix the broken economy or prevent recurrence. My proposal: short term ban all involved and do away with auction-style leaderboards; long term gather accurate spending data and create a real economy fix.",monetization_critique,
"I shared it with my Alliance and a bunch of us use it, I love it, thanks for the incredible resource!",reaction,
"I think every person who thinks this idea makes sense is a walking stereotype of entitled Reddit gamer that wants everything for nothing, and the reason Scopely will never listen to this sub.",reaction,
I think OG Spider-Man's time is coming soon.,reaction,
"I think we're due for a raid team and a raid revamp. At least they should add G21 orbs, it's been 3-plus months and we barely ever get any.",monetization_critique,
I too am stuck on Omega 7,reaction,
I used my Illuminati team instead and that seemed to work well.,roster_strategy,
I was going crazy looking for power levels but never got to the end. I don't know how he beat it with such a low-level team. I needed to take mine much higher. On a positive note I got to floor ten without building anyone from Omen including Silver Surfer Breaker.,roster_strategy,
"I wasn't able to beat Node 6 at your same character levels for Shadow Conclave because of differing star levels. The difference between a Thanos at 3D and 4D was enough that he'd die before his second turn, so I had to bring him to 110. I also had to bring Executioner to 105 to compensate for my SK being lower than 2D.",roster_strategy,
"I'm actually an old player but took years off. Around when it came out they admitted they introduced alliances to guilt players into daily logins when they were hard on metrics. Most old characters become worthless, only the latest handful are useful, and they force you to unlock teams for basic content. I'm surprised that in 3 years you maxed the modern roster. Even krakens with tens of thousands dumped in struggle on omega nodes. By the time I reach 110, none of the current teams will be worth it.",monetization_critique,
"I'm also f2p and it is possible. Half the teams are old and don't need to be 110. The Storm tower was completable with 105 and a few 110 for extra power, don't even need g20. That said, this tower is harder, I can't do the hard tower because my Shadow Conclave aren't big enough yet, even at 100 with a 5-diamond 105 Thanos. It's clearly meant for 105, or 5-7 star 105 g19.",roster_strategy,
"I'm in my third year. I joined when X-Treme X-Men released. Used to feel behind with a thin roster. All teams used in the towers are from the last 18 months. If you can't clear it because you're newer, that's okay, something to push for.",monetization_critique,
"I'm looking at it on a 77 inch OLED and that is not Daredevil Modern, it is definitely Ghost Rider without the flame rendered on the skull.",reaction,
I'm not saying don't be pissed. But use logic. Can anyone supporting an Annihilus handout explain how that's fair to the few who bought him legit? Why is the response give me a year-long chase toon with max stars instead of walk back the broke economy fixes impacted by inflated sales? The free Annihilus is counterproductive.,monetization_critique,
"I'm so here for the show. I'm shaking right now is a wild statement. You're so upset about a mobile game you're shaking with rage? This is a toilet game, a hero collector. It doesn't impact your life. We have to get some semblance of sanity.",reaction,
"I've all but stopped playing. My alliance wanted more war, raid, battleworld contribution and I can't be bothered. I'm bored of this game. I fully built Shadow Conclave, I guess it's my last team. They've killed their own game out of favoritism. These dirt bags cheated, so they should pay the price, whales be damned. I'm doubling down on not spending and may never play again until cheaters are dealt with.",reaction,
"I've been using this site for the two most recent towers, got me a full clear on the Omega Storm tower and through floor 10 of the Omega Fear one. One bit of feedback, any way you could post the collection power of the teams you suggest? Or suggested ISOs for specific floors? Sometimes the ISO switch is the difference maker, and it's nice to know roughly how large the teams are for comparison.",roster_strategy,
I've cleared the first 6 DD as F2P. Never went in without the latest teams at max stars.,roster_strategy,
"If it's through credit card fraud then Scopely gets $0, usually costs them as they pay back with fees.",monetization_critique,
"If they want to reward cheaters so long as they spend, why would they give away the advantage spenders get?",monetization_critique,
"If you do have New Mutants and not Exalted, you can drop Sunspot from NM and add Mighty Storm and it smokes the final node too. Exceptional work dude.",roster_strategy,
"If you look at the next ten floors, I don't see a world where you get through those with the budget option.",roster_strategy,
"If you're that worked up about how a mobile game sanctions players who took advantage of international price differences, you should seek professional help. Besides, Scopely never said they'd remove those things, they're just stripping some leaderboard rewards and first-100 Annihilus unlock rewards.",reaction,
Insane. And after the 3-day vacation they get their streak back.,reaction,
Iron Man really could use some big ass Daimon Hellstorm style rework.,reaction,
Is this even a game when you have to go on Google or Reddit just to follow instructions? It's absolute toilet.,reaction,
"It chafes my biscuits that there are three Crucible floors I'd demolish with the teams I have, if I could get to them. I'll be locked out of the next 10 floors come next Friday too. Hoping somebody figures out a way to beat 7 without Omen/SC.",reaction,
"It is, but not if it's many hours until you randomly get through it and not by target knowledge of I need to get rid of this character first or they'll heal, it's a roster and wallet check.",monetization_critique,
It keeps being brought up because Scopely's response to cheating is unacceptable. I proposed an alternative and asked for feedback. Why not offer a solution if you find mine unpalatable?,monetization_critique,
"It might be an offer for the top players that buy ultra cores from 3rd parties using stolen credit cards, should be much less by using that proven method.",monetization_critique,SARCASM
It sucks whenever a good team rotates out. I love my Vigilantes and Spider Society.,reaction,
"It's Legendary or Villain Epic for those nodes, so ORPF and Magneto PF both qualify.",roster_strategy,
It's right up there with the 5k cores for 5 pieces of an awakened ability for Phantom Rider they had in the store for months.,monetization_critique,
It's RNG. Mine is 6.6m and got through. Scorpion is my only g20.,roster_strategy,
Just cheat like Scopely's Private Discord members do! Apparently there's no punishment even when they lie and say otherwise!,monetization_critique,SARCASM
"Just quit if you're bothered by Scopely not punishing cheaters. They've made it clear they won't, and continuing to play a game you're so mad with is exhausting. Posts about it don't do anything. Honestly, enough gold and training mats to level 30 characters to 110 plus 100 g20 orbs would be good enough comp for me.",reaction,
Krakens buy it without even blinking,reaction,
Learn to use VPN and dark web. This game is about how much you can steal and cheat to get ahead. Stop complaining about cheaters and start doing what they do.,monetization_critique,SARCASM
"Let's be frank, a f2p can afford this only if they don't care about other game modes. No f2p will touch SC, a war team. Characters chosen by cost not efficiency, already 110 or 2-piece. City Vulture, Punisher, Big Time, Hobgoblin, SSM or DDM as it's tech-heavy. Cosmic Sue, Reed, Johnny, Knull, Stitcher. Global Daimon, Hank, Yelena, LDS, RG. Last sections CB over Kestrel 2-piece, Zuggz and new Scorpion over OML/OR too much mutant gear. Scopely promised no f2p g21 ways until Cul Borson, so re-evaluate a year from now.",roster_strategy,
"Let's not pretend this game has thoughtful gameplay, it's set to use certain teams in certain orders.",reaction,
"Like another said, use Green Goblin Classic over Shocker. Ability-block Ms. Marvel with Superior Spider so she can't apply slow-downs. As long as GGC uses his ult, you should sail through.",roster_strategy,
lol this company is so crazy. Anyone buying is just as dumb.,reaction,
Made it to Node 7 with an 8 million team and am getting absolutely ass blasted.,reaction,
Make sure Emma X is a healer and pray for good RNG.,roster_strategy,
"Man, I've been F2P almost 3 years. I'm a realist with a good life and hobbies that don't have me shaking with rage over a mobile game. You're so worked up I'm worried about you. Is everything okay?",reaction,
Marvel Shop Force,reaction,
"Mine are 105/g20, Thanos 110. Glad and Thanos are 4-diamond. Knull 5-diamond. But honestly they don't live long anyway, it's a Surfer and Knull show.",roster_strategy,
"MSF didn't lie. When someone says bans, they can be 72 hours or permanent, the same terminology used for 8 years. And Scopely isn't protecting big spenders; there were more honest big spenders than exploiters, and the honest ones are most adversely affected. The argument should be that Scopely needs to protect honest big spenders.",monetization_critique,
"My arena cheater who was suspended still has diamonds on his Annihilus, so how's that for competitive integrity?",monetization_critique,
"My arena kraken came back with his as well, so sad they did nothing to punish their cheating.",reaction,
"My New Mutants were used on another node. Also, offering other options for people who may not have them built.",roster_strategy,
"My plan, City i6 3 ready, Cosmic F4 MCU, Knull, TEG, Global Red Guardian, Darkstar, Daimon, Sentry, tentatively Maestro but probably Jeff, Legend Epic Villain Phoenix Force, OML, Silver Surfer Breaker or OR, Epic Mythic same as you, Kestrel is cheap and I pulled 5D.",roster_strategy,
New Mutants decimate it.,roster_strategy,
No he doesn't say on the video. Mine were a combined 5.5 mil and took a ton of tries. Hi Evo and Executioner I took to level 107 gear 20. Thanos and Malekith to 100 gear 19. Sylvie 95. Really hard even at those levels.,roster_strategy,
"No, they don't. ""Krakens"" look like krakens because the majority of them were getting 90% discounts.",monetization_critique,
"No, they don't. I haven't been affected by these guys cheating, and neither have you. Nothing about my gameplay is different. Neither of us should be compensated because there's nothing to compensate. You just want free stuff. There's no principle in compensate me for a situation I wasn't harmed by. I don't spend, so Scopely doesn't care about my opinion, nor should they.",monetization_critique,
Node 10 is hell.,reaction,
"Node 10, I was still having to reset using EXM plus Emma, so I took her out and put in Jean Grey, went way better.",roster_strategy,
"Node 10, New Mutants. Burnt through like butta.",roster_strategy,
"Nodes 6 and 7 make or break this for me. Have a small Omen but Exec et al are all lvl 1 due to no resources. 6 is easy even with small Omen but 7 is a no-go without the Surfer Breaker, Knull, Gorr, EG Thanos and Gladiator being the 4.",roster_strategy,
"Nope, only the ones left after the weekend they allowed them to spend. If they left any after the time-out, that's on them. They took nothing they didn't allow them to spend.",monetization_critique,
"Nope. Knull, 3 Annihilators, Pink Surfer and it's pretty easy. Way easier than 6 where you can't do anything without Shadow Conclave to stop those New Avenger speed-ups.",roster_strategy,
Nothing is going to happen because not enough people are going to quit. They'll give you maybe a small carrot to shut you up. They know their base won't quit even after this.,monetization_critique,
"Nothing wrong with playing for free, I'd feel like a sucker spending though.",reaction,
"Offering an unrealistic solution is not offering a solution at all. We've seen over 7 years that Scopely isn't going to change anything for the better, especially for f2p, so shouting into the void is pointless. Either you pay or you don't.",monetization_critique,
"Only if the credit card company deems it fraud. Personal experience, if someone commits fraud all you can do is request investigation. If they deem it not fraud, the person still pays. Some poor unsuspecting person could have been held liable.",monetization_critique,
"Or my new favorite. You've logged in for 2,380 days. Here's 2 purple training mats.",monetization_critique,SARCASM
"Out of curiosity, have you been playing 5 years nonstop? Getting all characters maxed is time-consuming for F2P, especially during droughts like now where they turn off income sources, Twitch rewards, daily shop freebies, flash events. Not impossible for F2P but requires veterans, because Scopely doesn't believe in non-monetary catch-up. Even for paying players it's not easy, with red gear at like $50 per piece.",monetization_critique,
Please try a relatable team. It'd be valuable to know if symbiote-3 work with 2x Insidious members.,roster_strategy,
"Question about the VPN thing, say I live in Mexico near the US border, have a work visa, get paid in USD, but play at home in Mexico and get huge discounts because of where I live. Is that fair? No, but that's why I couldn't care less about the VPN thing. Funny how many people cry about it.",reaction,
"Quicksilver mode was fun! Now ban the cheaters. Was fun trying to use teams in unrestricted while avoiding teams I'd need later in the cosmic and mutant sections. Also, ban the cheaters.",reaction,
"Rogue and Gambit having more team-up synergy would be cool, I want to put her into my Xtreme X-Men team on Crucible. What I really want is buffs to older toons outside of reworks that only apply to new teams. Give some of them stats so they aren't paper anymore, even an old War team should mostly keep up with a newer Crucible team in War. Make some old mode-locked abilities work everywhere, make Invaders a War Defense team since they haven't been in raids for years. Adding smaller reworks alongside new teams would keep the game fresh. I know Scopely will never do this because they want you to buy new toons on release, and they'll keep power-creeping stuff, but this wouldn't cut into sales. It would make the meta less stale and more F2P-friendly. I'd love a buff to Red Hulk, his damage and health feel pitiful. I want constant reworks but I know it'll never happen.",monetization_critique,HARD CASE candidate: long multi-purpose post; deletion test -> monetization
Saw someone used them for floor one but they were built up pretty high,roster_strategy,
"Scopely gets full price, so they really don't care. Game is dead anyway, roughly 100k real daily players left. The cheaters got a wrist slap because they pay. They don't care what the guys who show up for free samples think.",monetization_critique,
Scopely has ruined this game so much that I basically stopped paying attention and just log in and do the basic stuff now. It's become incredibly unfun and the only reason I'm still around is my alliance.,reaction,HARD CASE: venting implies monetization but no specific claim -> reaction
"Since it is abundantly clear that Scopely doesn't have the stomach to ban spenders who were caught cheating, maybe they can compensate the entire community by giving everyone a free Annihilus and a token to gear 21 him. This would level the playing field and eliminate the benefit cheaters got. Additionally Scopely should halt all leaderboard events until they devise a new fair system. Cheaters have no place in this game.",monetization_critique,
"So what was said to those of us who legitimately paid to get Spider-Weaver maxed, only for Scopely to screw up a strike pass and give everyone that toon maxed for free a month later?",monetization_critique,
Some of us have more integrity.,reaction,
"Some were wrongfully banned, unsurprisingly.",reaction,
"Sooooo all of the cheaters are back in and it seems like they took nothing. I saw screenshots of one account that still had Annihilus 7r, all their g21 toons, 1.25 billion gold, 69k t4 training mats and 18k t4 ability orbs. This is outrageous!! How can anyone accept this is reasonable punishment?",reaction,
"Sorry but I'm not absolving them of their crimes by handwaving it. If someone offers ten cents on the dollar for ultra cores you HAVE to know something's dodgy, especially if they log into your account. It's like the 80s and 90s gas-station stolen-card scam. If you couldn't figure that out, you ain't thinking.",monetization_critique,
"Sounds fair, honest and logical. All of which Scopely isn't, so I doubt they will do that.",reaction,
Stop shaking and go do the same thing they did. No consequences.,reaction,
Swapping OML with Emma X compared to all other videos was genius,reaction,
Sym Quicksilver is global. Can't use in City.,roster_strategy,
Take out Shocker and sub in Green Goblin Classic.,roster_strategy,
Thanks dude. Saw your post and decided on beefing up Jean instead of building Emma. Took several resets but got it done.,roster_strategy,
"Thanks for this. I won't start DD9 til later but foresight is nice. Cosmic is making me indecisive, need to pick 5 from 3pc F4, HE, Thanos, Minerva, or Knull.",roster_strategy,
"Thanks Rayge, I haven't invested into Shadow Council yet so stuck on Node 6. I'll build up them, Omen and Exalted for the next run. Appreciate what you do.",reaction,
"That's the issue though. They kept everything. The competitive fairness of the game going forward is clearly in question. A perma ban would solve it, but Scopely doesn't have the stomach.",monetization_critique,
"The problem is even non-banned people can be the same kind of cheaters. If their loader uses stolen cards from third-world countries nobody will catch them. In my country there's no chargeback, if your card is stolen you can't contest transactions, and usually those are from in-game purchases, exactly that loader scheme.",monetization_critique,
"The problem is you're expecting Ryan Jacobson, GM of Boundless and lead on MSF, to have morals. He stated he couldn't give a fuck about f2p, their opinion or experience, and refuses to address it. Stark lied about an OP event and file uploads, refuses accountability for cheating reported 18 months ago. Pathfinder a turncoat and gaslighter. Archangel told players to get better teammates and LoL to a double-charge complaint. Nobody at Scopely has integrity. They haven't apologized. They belong in jail.",monetization_critique,HARD CASE candidate: furious rant anchored by specific conduct claims; deletion test -> monetization
The real question is whether they involved the appropriate authorities. Giving back accounts while knowing they obtained an advantage through actual crimes makes them complicit if they didn't report.,monetization_critique,
The saddest part is that people still continue to play knowing how bad and corrupt it is.,reaction,
"The solution is simple, delete the game if it's making you that upset. It's just a free mobile game, one of millions you can pay to get an advantage. This situation seems to cause some people mental harm, perhaps it's time to move on.",reaction,
"The stat discrepancy was deliberately created, it doesn't make sense for them to arbitrarily buff a bunch of toons to reduce it. I don't think it makes sense to buff toons but still not make them meta. It's fine for toons to become less useful before being reworked. We only have so many resources and Scopely doesn't want to give us much more, why build mediocre toons at the expense of the latest? I do wish reworked characters weren't almost always the worst on their team.",monetization_critique,
"The VPN currency exchange got patched. People still wanted a discount so some krakens turned to bots that lured them in. Scopely found out because Xsolla came to them with chargebacks. The scammers profit while Scopely gets hit with chargebacks. Scopely's blog says to only purchase UC on official stores, so the banned people bought through third parties. Scopely doesn't want to perma ban these krakens as they were the biggest spenders. This is all alleged.",monetization_critique,
"The VPN Nigeria trick was like 33% of normal cost, around the same discount as the other method allegedly. I don't think anyone actually got the mythical 90% discount.",monetization_critique,
There's a lot of RNG but I got through on auto after a few tries with mine at 8.2mil.,roster_strategy,
"There's been a shortage of raid teams this year and only one in this new stat tier, with multiple Crucible and War teams back to back. I expect we're due for a back-to-back pair, most likely replacement targets being Uncanny Avengers and Vigilantes.",roster_strategy,
"They actually removed all UC from some, even if purchased legitimately.",monetization_critique,
"They already did ban them, then let them back in. I had fun getting through the 10 nodes on easy, recently hit level 90. The 1.2m units are NOT that power, I went in with a team around 400-600k each, and Iron Man with no buffs one-shot the whole team. Meanwhile my 3-diamond Wolverine punches one and doesn't get a full bar of damage. Sad how they overtuned the middle. My nephew at 110 had the same issue on omega's first node. But I'll appreciate clearing 10 floors on easy.",reaction,
They also removed the UC that were required through illicit means if they still had them.,monetization_critique,
They don't care about anything in this game unless it requires you to spend money. It's a pay-to-play game now.,monetization_critique,
"They don't though. If it's credit card fraud Scopely has to give back the money, at least that's my understanding.",monetization_critique,
They know their base and the base won't quit even after this. That is pretty sad tbh.,reaction,
They literally don't care. There is no recourse anyone can take to influence them. The model now is: pay us money or the game shuts down.,monetization_critique,
They said in the blog all they'd remove was diamonds gained from leaderboards. That's all they did. Plenty of us said that was insufficient but Scopely doesn't care.,monetization_critique,
They should put Spider-Gwen shards back in for fun LMAO.,reaction,
"They were never going to ban them, we all knew that, but I'm surprised they didn't close this VPN loophole long ago because it's costing them a lot of money, these people would buy at regular price if they couldn't use VPN.",monetization_critique,
"They were suspended, not banned. Banned isn't temp. Just accept Scopely lied to protect face and their big spenders.",monetization_critique,
They're doing a raid revamp for AoF ch2 which isn't until Aug. They could release the next raid team next month but I don't think it's likely. It seems they're moving away from restricting raid nodes by origin since Champions replaced the bio raid team but only 4/5 are bio. Otherwise I'd say Cap wouldn't be on a raid team because he's bio. I actually think the best buddies are all gonna be on teams with Mighty characters and that Spidey will be next reworked. None of that gives insight into what team might be next though.,roster_strategy,
"They're never going to do anything like that. And every one of y'all screaming for a free maxed chase toon perpetuates the stereotype that f2p are only out for free shit, making it less likely Scopely rights anything.",monetization_critique,
"They're not going to stop being good in other uses, though they'll fall into the use them if you have them but don't build them gray area quick. Thunderbolts and Nightstalkers still see some mileage on the matchup charts. Spider Society is still not to be underestimated, they get turns and turns forever, and you don't see that terminal speed meta out of many post-Ares raid teams.",roster_strategy,
"Think I'm gonna be fucked on this one. I've got enough saved to level only one War team, hoping that'd get me to the Crucible floors where I'll crush it, but I'm hitting a wall on Floor 6 and Floor 7 won't be kind to my non-War Cosmic Villains. Also, ban the cheaters.",reaction,
"This is a mobile video game. So many of you are so addicted you want a company to ban people who spend a ton of money. Why would they? I've seen people say they're shaking with rage, want to sue Scopely, can't sleep. People are so upset because their lives are pathetic. Hilarious.",reaction,
"This is awesome, and finally got me past cell 6 Omega, but god I'm super stuck on 7 now.",reaction,
"This is just some of the best PvE content we've had in a while. Tons of ways to win as f2p, challenging, love it. Lots going wrong at Scopely, but these towers are A+ wins.",reaction,HARD CASE candidate: hype with Scopely jab; deletion test -> reaction
"This is the hard content people wanted and content creators wanted back so they can make guides, and dorky dad juiced up the stats because he wants to keep anyone who doesn't spend out of more rewards. I'm not advocating for it, I'm still building teams for Silver Breaker and Storm Mighty and now Sentry, it's so many teams to build.",monetization_critique,
"This is when the Community Managers need to speak up, be present, transparent, forthright. Scopely made their decision but at least be present for the community. The MSF Player Council is always silent during issues like this.",reaction,
"This one sounds worse than just a VPN issue. This is the second time I've heard of VPN abuse. But if the same programmers program the finance portion, I understand how the fix got botched.",monetization_critique,
This sub has had 20-plus people thinking they have the solution when Scopely isn't gonna care. The solution is to quit and move on if you're this unhappy.,reaction,
"This was worse than the VPNs, they purchased UC through third parties for cheaper, the third party would log into your account and buy ultra cores through stolen credit cards and scammed gift cards.",monetization_critique,
"Thunderbolts work fine on node 1 if you don't have Nightstalkers. If you don't have Rayge's team for 4 but have meta teams built, Retcon can work there too. Instead of Vigilante, Immortal Weapons works great on 2.",roster_strategy,
"Truth be told Scopely does not care about its actual players, just their wallets and how much they can bleed out of them.",monetization_critique,
"Unrestricted Blue Marvel, Sable, HM, DDM, Vulture, Thrasher, started with city toons plus Blue Marvel, took 15-20 attacks but cleared both nodes, Blue Marvel sometimes solos a wave. City full Vigilantes don't recommend, hit a roadblock on node 2 with Reed taunt deathproof and Spider-Weaver charges, added Punisher and Elektra and it went better, full Vig clears in 9 attacks but Insidious Six is better. Cosmic Franklin, Reed-MCU, IW-MCU, Knull, HE, F4 limit Mephisto speed but long cooldowns, cleared in 6-8. Global Daimon, Darkstar, Sentry, Yelena, Red Guardian, Daimon and Darkstar do the work, Sentry starts full energy when healed, Yelena cheap with synergy. Legendary ORPF, Magneto-PF, Phoenix, OML, Blastaar, one-shot both, OML is a monster, Blastaar for bio gear and no cooldowns. Mythic Blue Marvel, PX, Odin, SuS, Kestrel, tough, didn't have mystic gear for both Odin and Mephisto, Kestrel prevents Sentry spawning Void.",roster_strategy,
Use Vigilante on that floor and Immortal Weapons on floor 2,roster_strategy,
War teams are the most easily skippable teams in the game. There's no way to build everyone especially with the current amounts of gold and training mats. I have all 3 new SC toons at level one and still don't have gold. I decided to skip them to focus the Symbiotes team and build Omen. Omen wipes the floor with Conclave in war. The current resources suck since teams need to be around 105 g19 to be useful and a lot need 110 g20.,roster_strategy,HARD CASE 3: roster advice wrapped in cost complaint -> roster
"We actually agree perma ban is the simplest solution. Giving everyone Annihilus eliminates cheaters' advantage of still having him, and a build token doesn't affect economy since you can only build to the level cheaters have. This would provide excitement and goodwill. But if a perma ban isn't in the cards, what's your solution?",monetization_critique,
"We already knew Spider-Man would get a rework, as well as Captain America and Daken, they said all the best buddies would get reworked. Allegedly we're getting a Spider-Man 2099 team and an Eternals team this year. Strange and Captain Falcon's stats aren't bad so I'd be surprised if they get reworked soon. As others said, the DDM was actually Ghost Rider, could be for the new Halloween team replacing Undying.",reaction,
"We should be getting GT20 in these, which is already old news, yet here we are getting GT19 at every rank. Are we having fun yet Ryan Jacobson?",monetization_critique,
"What are they doing lmao, credit card fraud? I'm cool off that.",reaction,
"What did you expect? Scopely only cares about money. Whether they get it through credit card fraud or illegitimate means, they don't care.",monetization_critique,
What's so terrible about it? It's a way to punish cheaters while giving the community something to be excited about. A new leaderboard system is obviously needed. What would you propose?,monetization_critique,
"When X-Treme X-Men were meta, it was extremely common to drop Cyclops for Rogue, so there's no reason not to do that now. Aside from they're a very old team and it's generally better to keep Sunspot with New Mutants and use Nightcrawler PNP elsewhere.",roster_strategy,
Why does this shock people. They have been bollockless for years. Quicker the game shuts the better.,reaction,
Why? Because Scopely believes it's more important to keep cheaters around and spending than to restore integrity to this game.,monetization_critique,
Yeah I'm in that boat. I spent a little here or there but that ain't happening again.,reaction,
Yeah you basically need both Omen and Shadow Conclave built for this one.,roster_strategy,
"Yeah, didn't know details. That's a little worse than I thought. I knew there was credit card fraud but that's insane. And it shows the credibility of Scopely being ok with credit card fraud.",monetization_critique,
"Yeah, I'm just screwed. I have enough training mats to level one character to 105. ONE. And I haven't leveled any Shadow Conclave or Omen. I can't even get past level 6 on medium difficulty.",reaction,
"Yep same, 7 is rough without Omen it seems, and I really do not want to invest in old Gladiator.",reaction,
"Yes, I watched the Rayge video and was able to complete it. Had to restart because I'd used FF for 5.",roster_strategy,
You are the GOAT!! Great video my friend,reaction,
You can quit whenever you want and never have to worry about these problems again.,reaction,
You do know all previous compensation including bugged offers and events removed and put back were because enough players voiced displeasure? It's the only way this company responds.,monetization_critique,
You heard wrong. These people subscribe to a service that logs into your account and uses stolen credit and gift cards to buy ultra cores for you. So it's worse than you thought.,monetization_critique,
"You really need it explained that giving the most powerful chase character to everybody months ahead is ridiculous and doesn't punish cheaters? The way you punish cheaters is to ban them. If Scopely won't, they sure won't torpedo their revenue and the good faith of big spenders by devaluing the thousands spent to get him.",monetization_critique,
"Your statement is contradictory considering your post history. You want to put people down and claim you don't care, but you're a major spender in a top 20 alliance, so of course you'd make it seem like nothing's wrong. You really don't have much credibility. Find a hobby that makes you happy.",reaction,
"Yup, the people still mad are still logging in faithfully. You'll still have content creators make videos to capitalize on it like Boilon for extra rent money, nothing is gonna change.",monetization_critique,